{
    "@context": "https://w3id.org/ro/crate/1.1/context",
    "@graph": [
        {
            "@id": "./",
            "@type": "Dataset",
            "datePublished": "2024-12-10T22:04:06+00:00",
            "hasPart": [
                {
                    "@id": "README.md"
                },
                {
                    "@id": "datasets/G3_01_R1.fastq_31e7840b5aedca43f541d217f5c1bd33.fastqsanger"
                },
                {
                    "@id": "datasets/G3_01_R2.fastq_31e7840b5aedca43610a598727904e97.fastqsanger"
                },
                {
                    "@id": "datasets/G3_02_R1.fastq_31e7840b5aedca43cdb68a3af2685db1.fastqsanger"
                },
                {
                    "@id": "datasets/G3_02_R2.fastq_31e7840b5aedca433f7e2155648e0c47.fastqsanger"
                },
                {
                    "@id": "datasets/G3_03_R1.fastq_31e7840b5aedca433676ad13326dabe7.fastqsanger"
                },
                {
                    "@id": "datasets/G3_03_R2.fastq_31e7840b5aedca43a76435448a5cd82c.fastqsanger"
                },
                {
                    "@id": "datasets/G1_01_R1.fastq_31e7840b5aedca43eab717d348baa225.fastqsanger"
                },
                {
                    "@id": "datasets/G1_01_R2.fastq_31e7840b5aedca439138bd0da187fd86.fastqsanger"
                },
                {
                    "@id": "datasets/G1_02_R1.fastq_31e7840b5aedca4340aabf04d66fac7e.fastqsanger"
                },
                {
                    "@id": "datasets/G1_02_R2.fastq_31e7840b5aedca435f85f089ca1b37b6.fastqsanger"
                },
                {
                    "@id": "datasets/G1_03_R1.fastq_31e7840b5aedca430d9489912417eaa6.fastqsanger"
                },
                {
                    "@id": "datasets/G1_03_R2.fastq_31e7840b5aedca438432633c5ae211af.fastqsanger"
                },
                {
                    "@id": "datasets/ensembl_dm3.chr4.gtf_31e7840b5aedca43bba4038a968e5c4c.gtf"
                },
                {
                    "@id": "datasets/G3_01.bam_31e7840b5aedca434c33f5872b6413d0.bam"
                },
                {
                    "@id": "datasets/G3_02.bam_31e7840b5aedca432b04f6b6c109f18f.bam"
                },
                {
                    "@id": "datasets/G3_03.bam_31e7840b5aedca435749da66d7553ffa.bam"
                },
                {
                    "@id": "datasets/G1_01.bam_31e7840b5aedca43d931b72081b7afa3.bam"
                },
                {
                    "@id": "datasets/G1_02.bam_31e7840b5aedca438a769cd87da004b4.bam"
                },
                {
                    "@id": "datasets/G1_03.bam_31e7840b5aedca4331ae6901cebd39aa.bam"
                },
                {
                    "@id": "datasets/G3_01_HT_31e7840b5aedca43782481b66790631a.tabular"
                },
                {
                    "@id": "datasets/G3_01_HT_Summary_31e7840b5aedca434e4133d80f8d8c96.tabular"
                },
                {
                    "@id": "datasets/G3_02_HT_31e7840b5aedca433a95771769ccabd8.tabular"
                },
                {
                    "@id": "datasets/G3_02_HT_Summary_31e7840b5aedca43618b4b8ef8fcc72d.tabular"
                },
                {
                    "@id": "datasets/G3_03_HT_31e7840b5aedca439cd8de0b45caa031.tabular"
                },
                {
                    "@id": "datasets/G3_03_HT_Summary_31e7840b5aedca43ff5e18d6a306af90.tabular"
                },
                {
                    "@id": "datasets/G1_01_HT_31e7840b5aedca43334b1c7780484465.tabular"
                },
                {
                    "@id": "datasets/G1_01_HT_Summary_31e7840b5aedca43247485bcbade4a7a.tabular"
                },
                {
                    "@id": "datasets/G1_02_HT_31e7840b5aedca438918ec430941d3db.tabular"
                },
                {
                    "@id": "datasets/G1_02_HT_Summary_31e7840b5aedca43804fc024e4821647.tabular"
                },
                {
                    "@id": "datasets/G1_03_HT_31e7840b5aedca43ca8b577c6fdfb8e5.tabular"
                },
                {
                    "@id": "datasets/G1_03_HT_Summary_31e7840b5aedca43d3d163aa978663e0.tabular"
                },
                {
                    "@id": "datasets/count_matrix_31e7840b5aedca431c011cd34c51ca7b.tabular"
                },
                {
                    "@id": "datasets/DEGs_DESeq2_31e7840b5aedca432415d408d9da31db.tabular"
                },
                {
                    "@id": "datasets/DESeq2_pdf_summary_31e7840b5aedca435e3b4b96c5fdc9a8.pdf"
                },
                {
                    "@id": "datasets/DEGs_DESeq2_filtered_31e7840b5aedca43c7cec72f5042f7c3.tabular"
                }
            ]
        },
        {
            "@id": "ro-crate-metadata.json",
            "@type": "CreativeWork",
            "about": {
                "@id": "./"
            },
            "conformsTo": {
                "@id": "https://w3id.org/ro/crate/1.1"
            }
        },
        {
            "@id": "README.md",
            "@type": "File",
            "about": {
                "@id": "./"
            },
            "encodingFormat": "text/markdown",
            "name": "README.md"
        },
        {
            "@id": "datasets/G3_01_R1.fastq_31e7840b5aedca43f541d217f5c1bd33.fastqsanger",
            "@type": "File",
            "encodingFormat": "text/plain",
            "name": "G3_01_R1.fastq"
        },
        {
            "@id": "datasets/G3_01_R2.fastq_31e7840b5aedca43610a598727904e97.fastqsanger",
            "@type": "File",
            "encodingFormat": "text/plain",
            "name": "G3_01_R2.fastq"
        },
        {
            "@id": "datasets/G3_02_R1.fastq_31e7840b5aedca43cdb68a3af2685db1.fastqsanger",
            "@type": "File",
            "encodingFormat": "text/plain",
            "name": "G3_02_R1.fastq"
        },
        {
            "@id": "datasets/G3_02_R2.fastq_31e7840b5aedca433f7e2155648e0c47.fastqsanger",
            "@type": "File",
            "encodingFormat": "text/plain",
            "name": "G3_02_R2.fastq"
        },
        {
            "@id": "datasets/G3_03_R1.fastq_31e7840b5aedca433676ad13326dabe7.fastqsanger",
            "@type": "File",
            "encodingFormat": "text/plain",
            "name": "G3_03_R1.fastq"
        },
        {
            "@id": "datasets/G3_03_R2.fastq_31e7840b5aedca43a76435448a5cd82c.fastqsanger",
            "@type": "File",
            "encodingFormat": "text/plain",
            "name": "G3_03_R2.fastq"
        },
        {
            "@id": "datasets/G1_01_R1.fastq_31e7840b5aedca43eab717d348baa225.fastqsanger",
            "@type": "File",
            "encodingFormat": "text/plain",
            "name": "G1_01_R1.fastq"
        },
        {
            "@id": "datasets/G1_01_R2.fastq_31e7840b5aedca439138bd0da187fd86.fastqsanger",
            "@type": "File",
            "encodingFormat": "text/plain",
            "name": "G1_01_R2.fastq"
        },
        {
            "@id": "datasets/G1_02_R1.fastq_31e7840b5aedca4340aabf04d66fac7e.fastqsanger",
            "@type": "File",
            "encodingFormat": "text/plain",
            "name": "G1_02_R1.fastq"
        },
        {
            "@id": "datasets/G1_02_R2.fastq_31e7840b5aedca435f85f089ca1b37b6.fastqsanger",
            "@type": "File",
            "encodingFormat": "text/plain",
            "name": "G1_02_R2.fastq"
        },
        {
            "@id": "datasets/G1_03_R1.fastq_31e7840b5aedca430d9489912417eaa6.fastqsanger",
            "@type": "File",
            "encodingFormat": "text/plain",
            "name": "G1_03_R1.fastq"
        },
        {
            "@id": "datasets/G1_03_R2.fastq_31e7840b5aedca438432633c5ae211af.fastqsanger",
            "@type": "File",
            "encodingFormat": "text/plain",
            "name": "G1_03_R2.fastq"
        },
        {
            "@id": "datasets/ensembl_dm3.chr4.gtf_31e7840b5aedca43bba4038a968e5c4c.gtf",
            "@type": "File",
            "encodingFormat": "text/plain",
            "name": "ensembl_dm3.chr4.gtf"
        },
        {
            "@id": "datasets/G3_01.bam_31e7840b5aedca434c33f5872b6413d0.bam",
            "@type": "File",
            "encodingFormat": "application/octet-stream",
            "name": "G3_01.bam"
        },
        {
            "@id": "datasets/G3_02.bam_31e7840b5aedca432b04f6b6c109f18f.bam",
            "@type": "File",
            "encodingFormat": "application/octet-stream",
            "name": "G3_02.bam"
        },
        {
            "@id": "datasets/G3_03.bam_31e7840b5aedca435749da66d7553ffa.bam",
            "@type": "File",
            "encodingFormat": "application/octet-stream",
            "name": "G3_03.bam"
        },
        {
            "@id": "datasets/G1_01.bam_31e7840b5aedca43d931b72081b7afa3.bam",
            "@type": "File",
            "encodingFormat": "application/octet-stream",
            "name": "G1_01.bam"
        },
        {
            "@id": "datasets/G1_02.bam_31e7840b5aedca438a769cd87da004b4.bam",
            "@type": "File",
            "encodingFormat": "application/octet-stream",
            "name": "G1_02.bam"
        },
        {
            "@id": "datasets/G1_03.bam_31e7840b5aedca4331ae6901cebd39aa.bam",
            "@type": "File",
            "encodingFormat": "application/octet-stream",
            "name": "G1_03.bam"
        },
        {
            "@id": "datasets/G3_01_HT_31e7840b5aedca43782481b66790631a.tabular",
            "@type": "File",
            "encodingFormat": "text/plain",
            "name": "G3_01_HT"
        },
        {
            "@id": "datasets/G3_01_HT_Summary_31e7840b5aedca434e4133d80f8d8c96.tabular",
            "@type": "File",
            "encodingFormat": "text/plain",
            "name": "G3_01_HT_Summary"
        },
        {
            "@id": "datasets/G3_02_HT_31e7840b5aedca433a95771769ccabd8.tabular",
            "@type": "File",
            "encodingFormat": "text/plain",
            "name": "G3_02_HT"
        },
        {
            "@id": "datasets/G3_02_HT_Summary_31e7840b5aedca43618b4b8ef8fcc72d.tabular",
            "@type": "File",
            "encodingFormat": "text/plain",
            "name": "G3_02_HT_Summary"
        },
        {
            "@id": "datasets/G3_03_HT_31e7840b5aedca439cd8de0b45caa031.tabular",
            "@type": "File",
            "encodingFormat": "text/plain",
            "name": "G3_03_HT"
        },
        {
            "@id": "datasets/G3_03_HT_Summary_31e7840b5aedca43ff5e18d6a306af90.tabular",
            "@type": "File",
            "encodingFormat": "text/plain",
            "name": "G3_03_HT_Summary"
        },
        {
            "@id": "datasets/G1_01_HT_31e7840b5aedca43334b1c7780484465.tabular",
            "@type": "File",
            "encodingFormat": "text/plain",
            "name": "G1_01_HT"
        },
        {
            "@id": "datasets/G1_01_HT_Summary_31e7840b5aedca43247485bcbade4a7a.tabular",
            "@type": "File",
            "encodingFormat": "text/plain",
            "name": "G1_01_HT_Summary"
        },
        {
            "@id": "datasets/G1_02_HT_31e7840b5aedca438918ec430941d3db.tabular",
            "@type": "File",
            "encodingFormat": "text/plain",
            "name": "G1_02_HT"
        },
        {
            "@id": "datasets/G1_02_HT_Summary_31e7840b5aedca43804fc024e4821647.tabular",
            "@type": "File",
            "encodingFormat": "text/plain",
            "name": "G1_02_HT_Summary"
        },
        {
            "@id": "datasets/G1_03_HT_31e7840b5aedca43ca8b577c6fdfb8e5.tabular",
            "@type": "File",
            "encodingFormat": "text/plain",
            "name": "G1_03_HT"
        },
        {
            "@id": "datasets/G1_03_HT_Summary_31e7840b5aedca43d3d163aa978663e0.tabular",
            "@type": "File",
            "encodingFormat": "text/plain",
            "name": "G1_03_HT_Summary"
        },
        {
            "@id": "datasets/count_matrix_31e7840b5aedca431c011cd34c51ca7b.tabular",
            "@type": "File",
            "encodingFormat": "text/plain",
            "name": "count_matrix"
        },
        {
            "@id": "datasets/DEGs_DESeq2_31e7840b5aedca432415d408d9da31db.tabular",
            "@type": "File",
            "encodingFormat": "text/plain",
            "name": "DEGs_DESeq2"
        },
        {
            "@id": "datasets/DESeq2_pdf_summary_31e7840b5aedca435e3b4b96c5fdc9a8.pdf",
            "@type": "File",
            "encodingFormat": "application/octet-stream",
            "name": "DESeq2_pdf_summary"
        },
        {
            "@id": "datasets/DEGs_DESeq2_filtered_31e7840b5aedca43c7cec72f5042f7c3.tabular",
            "@type": "File",
            "encodingFormat": "text/plain",
            "name": "DEGs_DESeq2_filtered"
        }
    ]
}